"Assignment_Key__c","Work_Ref__c","Investigation_Case__r.Work_Ref__c","Auditor__c","Auditor_Label__c","Implementing_Agency__c","State__c","Visit_Order__c","Day_From__c","Day_To__c","Cost_Days__c","Exposure__c","Confidence_Band__c","Repeat_Visit__c","Plan_Budget_Days__c","Team_Size__c","Visit_Status__c","Not_A_Fraud_Finding__c"
"50d-4a-MP3018396-W103765","MP3018396-W103765","MP3018396-W103765","1","Auditor 1","CHENNAI(COMMISSIONER MUNCIPAL CORPORATION CHENNAI_IDA)","Tamil Nadu","1","1","7","1.00","5193758.03","HIGH","FALSE","50","4","Planned","TRUE"
"50d-4a-MP3017455-W51808","MP3017455-W51808","MP3017455-W51808","1","Auditor 1","CHENNAI(COMMISSIONER MUNCIPAL CORPORATION CHENNAI_IDA)","Tamil Nadu","1","1","7","0.35","4966501.02","HIGH","TRUE","50","4","Planned","TRUE"
"50d-4a-MP3019643-W41077","MP3019643-W41077","MP3019643-W41077","1","Auditor 1","CHENNAI(COMMISSIONER MUNCIPAL CORPORATION CHENNAI_IDA)","Tamil Nadu","1","1","7","0.35","4856183.78","HIGH","TRUE","50","4","Planned","TRUE"
"50d-4a-MP3019643-W40701","MP3019643-W40701","MP3019643-W40701","1","Auditor 1","CHENNAI(COMMISSIONER MUNCIPAL CORPORATION CHENNAI_IDA)","Tamil Nadu","1","1","7","0.35","4075103.57","HIGH","TRUE","50","4","Planned","TRUE"
"50d-4a-MP3018396-W195871","MP3018396-W195871","MP3018396-W195871","1","Auditor 1","CHENNAI(COMMISSIONER MUNCIPAL CORPORATION CHENNAI_IDA)","Tamil Nadu","1","1","7","0.35","3324683.13","HIGH","TRUE","50","4","Planned","TRUE"
"50d-4a-MP3018396-W93488","MP3018396-W93488","MP3018396-W93488","1","Auditor 1","CHENNAI(COMMISSIONER MUNCIPAL CORPORATION CHENNAI_IDA)","Tamil Nadu","1","1","7","0.35","3311608.99","HIGH","TRUE","50","4","Planned","TRUE"
"50d-4a-MP3017455-W51814","MP3017455-W51814","MP3017455-W51814","1","Auditor 1","CHENNAI(COMMISSIONER MUNCIPAL CORPORATION CHENNAI_IDA)","Tamil Nadu","1","1","7","0.35","3116982.36","HIGH","TRUE","50","4","Planned","TRUE"
"50d-4a-MP3017455-W51811","MP3017455-W51811","MP3017455-W51811","1","Auditor 1","CHENNAI(COMMISSIONER MUNCIPAL CORPORATION CHENNAI_IDA)","Tamil Nadu","1","1","7","0.35","2311169.52","HIGH","TRUE","50","4","Planned","TRUE"
"50d-4a-MP3017308-W258718","MP3017308-W258718","MP3017308-W258718","1","Auditor 1","CHENNAI(COMMISSIONER MUNCIPAL CORPORATION CHENNAI_IDA)","Tamil Nadu","1","1","7","0.35","2208144.93","HIGH","TRUE","50","4","Planned","TRUE"
"50d-4a-MP3017455-W211751","MP3017455-W211751","MP3017455-W211751","1","Auditor 1","CHENNAI(COMMISSIONER MUNCIPAL CORPORATION CHENNAI_IDA)","Tamil Nadu","1","1","7","0.35","2208144.93","HIGH","TRUE","50","4","Planned","TRUE"
"50d-4a-MP3017455-W51810","MP3017455-W51810","MP3017455-W51810","1","Auditor 1","CHENNAI(COMMISSIONER MUNCIPAL CORPORATION CHENNAI_IDA)","Tamil Nadu","1","1","7","0.35","2208144.93","HIGH","TRUE","50","4","Planned","TRUE"
"50d-4a-MP3018396-W184578","MP3018396-W184578","MP3018396-W184578","1","Auditor 1","CHENNAI(COMMISSIONER MUNCIPAL CORPORATION CHENNAI_IDA)","Tamil Nadu","1","1","7","0.35","2208144.93","HIGH","TRUE","50","4","Planned","TRUE"
"50d-4a-MP3019643-W152256","MP3019643-W152256","MP3019643-W152256","1","Auditor 1","CHENNAI(COMMISSIONER MUNCIPAL CORPORATION CHENNAI_IDA)","Tamil Nadu","1","1","7","0.35","2208144.93","HIGH","TRUE","50","4","Planned","TRUE"
"50d-4a-MP3018396-W123923","MP3018396-W123923","MP3018396-W123923","1","Auditor 1","CHENNAI(COMMISSIONER MUNCIPAL CORPORATION CHENNAI_IDA)","Tamil Nadu","1","1","7","0.35","2186123.23","HIGH","TRUE","50","4","Planned","TRUE"
"50d-4a-MP3017455-W51809","MP3017455-W51809","MP3017455-W51809","1","Auditor 1","CHENNAI(COMMISSIONER MUNCIPAL CORPORATION CHENNAI_IDA)","Tamil Nadu","1","1","7","0.35","2155692.34","HIGH","TRUE","50","4","Planned","TRUE"
"50d-4a-MP3019643-W164830","MP3019643-W164830","MP3019643-W164830","1","Auditor 1","CHENNAI(COMMISSIONER MUNCIPAL CORPORATION CHENNAI_IDA)","Tamil Nadu","1","1","7","0.35","2155692.34","HIGH","TRUE","50","4","Planned","TRUE"
"50d-4a-MP3019643-W213686","MP3019643-W213686","MP3019643-W213686","1","Auditor 1","CHENNAI(COMMISSIONER MUNCIPAL CORPORATION CHENNAI_IDA)","Tamil Nadu","1","1","7","0.35","2155692.34","HIGH","TRUE","50","4","Planned","TRUE"
"50d-4a-MP3019643-W254851","MP3019643-W254851","MP3019643-W254851","1","Auditor 1","CHENNAI(COMMISSIONER MUNCIPAL CORPORATION CHENNAI_IDA)","Tamil Nadu","1","1","7","0.35","2155692.34","HIGH","TRUE","50","4","Planned","TRUE"
"50d-4a-MP3019225-W229416","MP3019225-W229416","MP3019225-W229416","1","Auditor 1","MIRZAPUR(DISTRICT MAGISTRATE MIRZAPUR_IDA)","Uttar Pradesh","2","8","10","1.00","7798478.74","HIGH","FALSE","50","4","Planned","TRUE"
"50d-4a-MP3019225-W68167","MP3019225-W68167","MP3019225-W68167","1","Auditor 1","MIRZAPUR(DISTRICT MAGISTRATE MIRZAPUR_IDA)","Uttar Pradesh","2","8","10","0.35","6475346.75","HIGH","TRUE","50","4","Planned","TRUE"
"50d-4a-MP3019225-W229418","MP3019225-W229418","MP3019225-W229418","1","Auditor 1","MIRZAPUR(DISTRICT MAGISTRATE MIRZAPUR_IDA)","Uttar Pradesh","2","8","10","0.35","4847158.71","HIGH","TRUE","50","4","Planned","TRUE"
"50d-4a-MP3019225-W229414","MP3019225-W229414","MP3019225-W229414","1","Auditor 1","MIRZAPUR(DISTRICT MAGISTRATE MIRZAPUR_IDA)","Uttar Pradesh","2","8","10","0.35","4080214.61","HIGH","TRUE","50","4","Planned","TRUE"
"50d-4a-MP3017471-W282269","MP3017471-W282269","MP3017471-W282269","1","Auditor 1","SHAHJAHANPUR(DISTRICT MAGISTRAE SHAHJAHANAPUR_IDA)","Uttar Pradesh","3","11","12","1.00","4848602.63","HIGH","FALSE","50","4","Planned","TRUE"
"50d-4a-MP3017332-W282964","MP3017332-W282964","MP3017332-W282964","1","Auditor 1","SHAHJAHANPUR(DISTRICT MAGISTRAE SHAHJAHANAPUR_IDA)","Uttar Pradesh","3","11","12","0.35","3879290.97","HIGH","TRUE","50","4","Planned","TRUE"
"50d-4a-MP3017329-W283439","MP3017329-W283439","MP3017329-W283439","1","Auditor 1","SHAHJAHANPUR(DISTRICT MAGISTRAE SHAHJAHANAPUR_IDA)","Uttar Pradesh","3","11","12","0.35","3851527.94","HIGH","TRUE","50","4","Planned","TRUE"
"50d-4a-MP3017510-W231145","MP3017510-W231145","MP3017510-W231145","1","Auditor 1","GURDASPUR(DEPUTY COMMISSIONER GURDASPUR_IDA)","Punjab","4","13","13","1.00","9708410.86","HIGH","FALSE","50","4","Planned","TRUE"
"50d-4a-MP3020004-W164588","MP3020004-W164588","MP3020004-W164588","1","Auditor 1","WEST(COMMISSIONER MCD WEST)","Delhi","5","14","14","1.00","6739440.30","HIGH","FALSE","50","4","Planned","TRUE"
"50d-4a-MP3018356-W86316","MP3018356-W86316","MP3018356-W86316","2","Auditor 2","SARAN(DISTRICT PLANNING OFFICE SARAN CHAPRA_IDA)","Bihar","1","1","3","1.00","28687135.35","HIGH","FALSE","50","4","Planned","TRUE"
"50d-4a-MP3018356-W114328","MP3018356-W114328","MP3018356-W114328","2","Auditor 2","SARAN(DISTRICT PLANNING OFFICE SARAN CHAPRA_IDA)","Bihar","1","1","3","0.35","3169707.13","HIGH","TRUE","50","4","Planned","TRUE"
"50d-4a-MP3017198-W150373","MP3017198-W150373","MP3017198-W150373","2","Auditor 2","SARAN(DISTRICT PLANNING OFFICE SARAN CHAPRA_IDA)","Bihar","1","1","3","0.35","2646417.89","HIGH","TRUE","50","4","Planned","TRUE"
"50d-4a-MP3018356-W100712","MP3018356-W100712","MP3018356-W100712","2","Auditor 2","SARAN(DISTRICT PLANNING OFFICE SARAN CHAPRA_IDA)","Bihar","1","1","3","0.35","2208849.86","HIGH","TRUE","50","4","Planned","TRUE"
"50d-4a-MP3018356-W100715","MP3018356-W100715","MP3018356-W100715","2","Auditor 2","SARAN(DISTRICT PLANNING OFFICE SARAN CHAPRA_IDA)","Bihar","1","1","3","0.35","2208849.86","HIGH","TRUE","50","4","Planned","TRUE"
"50d-4a-MP3019244-W34366","MP3019244-W34366","MP3019244-W34366","2","Auditor 2","HARDOI(DISTRICT MAGISTRATE HARDOI_IDA)","Uttar Pradesh","2","4","8","1.00","5112340.89","HIGH","FALSE","50","4","Planned","TRUE"
"50d-4a-MP3019244-W34369","MP3019244-W34369","MP3019244-W34369","2","Auditor 2","HARDOI(DISTRICT MAGISTRATE HARDOI_IDA)","Uttar Pradesh","2","4","8","0.35","4232411.32","HIGH","TRUE","50","4","Planned","TRUE"
"50d-4a-MP3019201-W92574","MP3019201-W92574","MP3019201-W92574","2","Auditor 2","HARDOI(DISTRICT MAGISTRATE HARDOI_IDA)","Uttar Pradesh","2","4","8","0.35","3463566.33","HIGH","TRUE","50","4","Planned","TRUE"
"50d-4a-MP3019244-W72664","MP3019244-W72664","MP3019244-W72664","2","Auditor 2","HARDOI(DISTRICT MAGISTRATE HARDOI_IDA)","Uttar Pradesh","2","4","8","0.35","3353884.28","HIGH","TRUE","50","4","Planned","TRUE"
"50d-4a-MP3019201-W126028","MP3019201-W126028","MP3019201-W126028","2","Auditor 2","HARDOI(DISTRICT MAGISTRATE HARDOI_IDA)","Uttar Pradesh","2","4","8","0.35","3235642.44","HIGH","TRUE","50","4","Planned","TRUE"
"50d-4a-MP3019201-W176431","MP3019201-W176431","MP3019201-W176431","2","Auditor 2","HARDOI(DISTRICT MAGISTRATE HARDOI_IDA)","Uttar Pradesh","2","4","8","0.35","3175225.70","HIGH","TRUE","50","4","Planned","TRUE"
"50d-4a-MP3019201-W225863","MP3019201-W225863","MP3019201-W225863","2","Auditor 2","HARDOI(DISTRICT MAGISTRATE HARDOI_IDA)","Uttar Pradesh","2","4","8","0.35","3154341.03","HIGH","TRUE","50","4","Planned","TRUE"
"50d-4a-MP3019201-W225865","MP3019201-W225865","MP3019201-W225865","2","Auditor 2","HARDOI(DISTRICT MAGISTRATE HARDOI_IDA)","Uttar Pradesh","2","4","8","0.35","2867703.17","HIGH","TRUE","50","4","Planned","TRUE"
"50d-4a-MP3019201-W112234","MP3019201-W112234","MP3019201-W112234","2","Auditor 2","HARDOI(DISTRICT MAGISTRATE HARDOI_IDA)","Uttar Pradesh","2","4","8","0.35","2803661.87","HIGH","TRUE","50","4","Planned","TRUE"
"50d-4a-MP3019201-W92588","MP3019201-W92588","MP3019201-W92588","2","Auditor 2","HARDOI(DISTRICT MAGISTRATE HARDOI_IDA)","Uttar Pradesh","2","4","8","0.35","2580211.65","HIGH","TRUE","50","4","Planned","TRUE"
"50d-4a-MP3019201-W136732","MP3019201-W136732","MP3019201-W136732","2","Auditor 2","HARDOI(DISTRICT MAGISTRATE HARDOI_IDA)","Uttar Pradesh","2","4","8","0.35","2388170.55","HIGH","TRUE","50","4","Planned","TRUE"
"50d-4a-MP3019201-W225860","MP3019201-W225860","MP3019201-W225860","2","Auditor 2","HARDOI(DISTRICT MAGISTRATE HARDOI_IDA)","Uttar Pradesh","2","4","8","0.35","2294376.87","HIGH","TRUE","50","4","Planned","TRUE"
"50d-4a-MP3019244-W196288","MP3019244-W196288","","2","Auditor 2","KANPUR NAGAR(DISTRICT MAGISTRAE KANPUR NAGAR_IDA)","Uttar Pradesh","3","9","9","1.00","17526889.38","MEDIUM","FALSE","50","4","Planned","TRUE"
"50d-4a-MP3017474-W16541","MP3017474-W16541","MP3017474-W16541","2","Auditor 2","BASTI(DISTRICT MAGISTRATE BASTI_IDA)","Uttar Pradesh","4","10","12","1.00","3207977.11","HIGH","FALSE","50","4","Planned","TRUE"
"50d-4a-MP3017474-W16542","MP3017474-W16542","MP3017474-W16542","2","Auditor 2","BASTI(DISTRICT MAGISTRATE BASTI_IDA)","Uttar Pradesh","4","10","12","0.35","3207977.11","HIGH","TRUE","50","4","Planned","TRUE"
"50d-4a-MP3017474-W16543","MP3017474-W16543","MP3017474-W16543","2","Auditor 2","BASTI(DISTRICT MAGISTRATE BASTI_IDA)","Uttar Pradesh","4","10","12","0.35","3207977.11","HIGH","TRUE","50","4","Planned","TRUE"
"50d-4a-MP3017474-W16544","MP3017474-W16544","MP3017474-W16544","2","Auditor 2","BASTI(DISTRICT MAGISTRATE BASTI_IDA)","Uttar Pradesh","4","10","12","0.35","3207977.11","HIGH","TRUE","50","4","Planned","TRUE"
"50d-4a-MP3019052-W78954","MP3019052-W78954","MP3019052-W78954","2","Auditor 2","ASHOKNAGAR(DISTRICT COLLECTOR ASHOKNAGAR_IDA)","Madhya Pradesh","5","13","14","1.00","5124683.13","HIGH","FALSE","50","4","Planned","TRUE"
"50d-4a-MP3019052-W85245","MP3019052-W85245","MP3019052-W85245","2","Auditor 2","ASHOKNAGAR(DISTRICT COLLECTOR ASHOKNAGAR_IDA)","Madhya Pradesh","5","13","14","0.35","4659007.91","HIGH","TRUE","50","4","Planned","TRUE"
"50d-4a-MP3017343-W162408","MP3017343-W162408","MP3017343-W162408","2","Auditor 2","DEORIA(DISTRICT MAGISTRATE DEORIA)","Uttar Pradesh","6","15","15","1.00","7033730.74","HIGH","FALSE","50","4","Planned","TRUE"
"50d-4a-MP3017362-W171199","MP3017362-W171199","","3","Auditor 3","KOLKATA(COMMISSIONER KOLKATA MUNICIPAL CORPORATION_IDA)","West Bengal","1","1","3","1.00","12734887.84","MEDIUM","FALSE","50","4","Planned","TRUE"
"50d-4a-MP3032002-W171163","MP3032002-W171163","","3","Auditor 3","KOLKATA(COMMISSIONER KOLKATA MUNICIPAL CORPORATION_IDA)","West Bengal","1","1","3","0.35","12561704.45","MEDIUM","TRUE","50","4","Planned","TRUE"
"50d-4a-MP3017360-W171165","MP3017360-W171165","","3","Auditor 3","KOLKATA(COMMISSIONER KOLKATA MUNICIPAL CORPORATION_IDA)","West Bengal","1","1","3","0.35","11695770.46","MEDIUM","TRUE","50","4","Planned","TRUE"
"50d-4a-MP3042569-W171164","MP3042569-W171164","","3","Auditor 3","KOLKATA(COMMISSIONER KOLKATA MUNICIPAL CORPORATION_IDA)","West Bengal","1","1","3","0.35","8491533.59","MEDIUM","TRUE","50","4","Planned","TRUE"
"50d-4a-MP3043535-W171170","MP3043535-W171170","","3","Auditor 3","KOLKATA(COMMISSIONER KOLKATA MUNICIPAL CORPORATION_IDA)","West Bengal","1","1","3","0.35","8491533.59","MEDIUM","TRUE","50","4","Planned","TRUE"
"50d-4a-MP3018421-W210691","MP3018421-W210691","","3","Auditor 3","KOLKATA(COMMISSIONER KOLKATA MUNICIPAL CORPORATION_IDA)","West Bengal","1","1","3","0.35","2132989.41","MEDIUM","TRUE","50","4","Planned","TRUE"
"50d-4a-MP3042521-W274638","MP3042521-W274638","MP3042521-W274638","3","Auditor 3","PRAYAGRAJ(DISTRICT MAGISTRAE ALLAHABAD_IDA)","Uttar Pradesh","2","4","7","1.00","7870376.10","HIGH","FALSE","50","4","Planned","TRUE"
"50d-4a-MP3042486-W214766","MP3042486-W214766","MP3042486-W214766","3","Auditor 3","PRAYAGRAJ(DISTRICT MAGISTRAE ALLAHABAD_IDA)","Uttar Pradesh","2","4","7","0.35","4782110.83","HIGH","TRUE","50","4","Planned","TRUE"
"50d-4a-MP3042486-W254284","MP3042486-W254284","MP3042486-W254284","3","Auditor 3","PRAYAGRAJ(DISTRICT MAGISTRAE ALLAHABAD_IDA)","Uttar Pradesh","2","4","7","0.35","2978237.28","HIGH","TRUE","50","4","Planned","TRUE"
"50d-4a-MP3042486-W193991","MP3042486-W193991","MP3042486-W193991","3","Auditor 3","PRAYAGRAJ(DISTRICT MAGISTRAE ALLAHABAD_IDA)","Uttar Pradesh","2","4","7","0.35","2966209.14","HIGH","TRUE","50","4","Planned","TRUE"
"50d-4a-MP3042486-W210408","MP3042486-W210408","MP3042486-W210408","3","Auditor 3","PRAYAGRAJ(DISTRICT MAGISTRAE ALLAHABAD_IDA)","Uttar Pradesh","2","4","7","0.35","2787840.59","HIGH","TRUE","50","4","Planned","TRUE"
"50d-4a-MP3042486-W235614","MP3042486-W235614","MP3042486-W235614","3","Auditor 3","PRAYAGRAJ(DISTRICT MAGISTRAE ALLAHABAD_IDA)","Uttar Pradesh","2","4","7","0.35","2471164.65","HIGH","TRUE","50","4","Planned","TRUE"
"50d-4a-MP3042486-W268853","MP3042486-W268853","MP3042486-W268853","3","Auditor 3","PRAYAGRAJ(DISTRICT MAGISTRAE ALLAHABAD_IDA)","Uttar Pradesh","2","4","7","0.35","2154138.06","HIGH","TRUE","50","4","Planned","TRUE"
"50d-4a-MP3019436-W119849","MP3019436-W119849","MP3019436-W119849","3","Auditor 3","LAKSHADWEEP DISTRICT(COLLECTOR CUM DEV COMMISSIONER LAKSHADWEEP_IDA)","Lakshadweep","3","8","9","1.00","13193183.54","HIGH","FALSE","50","4","Planned","TRUE"
"50d-4a-MP3042791-W216827","MP3042791-W216827","MP3042791-W216827","3","Auditor 3","LAKSHADWEEP DISTRICT(COLLECTOR CUM DEV COMMISSIONER LAKSHADWEEP_IDA)","Lakshadweep","3","8","9","0.35","7840251.20","HIGH","TRUE","50","4","Planned","TRUE"
"50d-4a-MP3042791-W270039","MP3042791-W270039","","3","Auditor 3","LAKSHADWEEP DISTRICT(COLLECTOR CUM DEV COMMISSIONER LAKSHADWEEP_IDA)","Lakshadweep","3","8","9","0.35","2447323.95","MEDIUM","TRUE","50","4","Planned","TRUE"
"50d-4a-MP3042529-W210661","MP3042529-W210661","MP3042529-W210661","3","Auditor 3","SITAPUR(DISTRICT MAGISTRATE SITAPUR_IDA)","Uttar Pradesh","4","10","12","1.00","4943789.46","HIGH","FALSE","50","4","Planned","TRUE"
"50d-4a-MP3042501-W259219","MP3042501-W259219","MP3042501-W259219","3","Auditor 3","SITAPUR(DISTRICT MAGISTRATE SITAPUR_IDA)","Uttar Pradesh","4","10","12","0.35","4630049.62","HIGH","TRUE","50","4","Planned","TRUE"
"50d-4a-MP3042529-W174147","MP3042529-W174147","MP3042529-W174147","3","Auditor 3","SITAPUR(DISTRICT MAGISTRATE SITAPUR_IDA)","Uttar Pradesh","4","10","12","0.35","4212284.38","HIGH","TRUE","50","4","Planned","TRUE"
"50d-4a-MP3042529-W174146","MP3042529-W174146","MP3042529-W174146","3","Auditor 3","SITAPUR(DISTRICT MAGISTRATE SITAPUR_IDA)","Uttar Pradesh","4","10","12","0.35","3046205.65","HIGH","TRUE","50","4","Planned","TRUE"
"50d-4a-MP3042529-W214632","MP3042529-W214632","MP3042529-W214632","3","Auditor 3","SITAPUR(DISTRICT MAGISTRATE SITAPUR_IDA)","Uttar Pradesh","4","10","12","0.35","2252448.19","HIGH","TRUE","50","4","Planned","TRUE"
"50d-4a-MP3017245-W178989","MP3017245-W178989","","3","Auditor 3","KANNUR(DISTRICT COLLECTOR KANNUR_IDA)","Kerala","5","13","14","1.00","5014795.71","MEDIUM","FALSE","50","4","Planned","TRUE"
"50d-4a-MP3017245-W178990","MP3017245-W178990","","3","Auditor 3","KANNUR(DISTRICT COLLECTOR KANNUR_IDA)","Kerala","5","13","14","0.35","4440221.22","MEDIUM","TRUE","50","4","Planned","TRUE"
"50d-4a-MP3050535-W254735","MP3050535-W254735","MP3050535-W254735","3","Auditor 3","Kakinada(DISTRICT COLLECTOR KAKINADA_IDA)","Andhra Pradesh","6","15","15","1.00","7647294.91","HIGH","FALSE","50","4","Planned","TRUE"
"50d-4a-MP3042530-W216762","MP3042530-W216762","MP3042530-W216762","4","Auditor 4","SULTANPUR(DISTRICT MAGISTRATE SULTANPUR_IDA)","Uttar Pradesh","1","1","3","1.00","8108749.61","HIGH","FALSE","50","4","Planned","TRUE"
"50d-4a-MP3042530-W156951","MP3042530-W156951","MP3042530-W156951","4","Auditor 4","SULTANPUR(DISTRICT MAGISTRATE SULTANPUR_IDA)","Uttar Pradesh","1","1","3","0.35","3730564.31","HIGH","TRUE","50","4","Planned","TRUE"
"50d-4a-MP3042530-W156952","MP3042530-W156952","MP3042530-W156952","4","Auditor 4","SULTANPUR(DISTRICT MAGISTRATE SULTANPUR_IDA)","Uttar Pradesh","1","1","3","0.35","3723917.15","HIGH","TRUE","50","4","Planned","TRUE"
"50d-4a-MP3042530-W145618","MP3042530-W145618","MP3042530-W145618","4","Auditor 4","SULTANPUR(DISTRICT MAGISTRATE SULTANPUR_IDA)","Uttar Pradesh","1","1","3","0.35","3641196.58","HIGH","TRUE","50","4","Planned","TRUE"
"50d-4a-MP3042530-W156949","MP3042530-W156949","MP3042530-W156949","4","Auditor 4","SULTANPUR(DISTRICT MAGISTRATE SULTANPUR_IDA)","Uttar Pradesh","1","1","3","0.35","3641196.58","HIGH","TRUE","50","4","Planned","TRUE"
"50d-4a-MP3042530-W240691","MP3042530-W240691","MP3042530-W240691","4","Auditor 4","SULTANPUR(DISTRICT MAGISTRATE SULTANPUR_IDA)","Uttar Pradesh","1","1","3","0.35","3290655.07","HIGH","TRUE","50","4","Planned","TRUE"
"50d-4a-MP3017338-W201325","MP3017338-W201325","MP3017338-W201325","4","Auditor 4","Siddharthnagar(DISTRICT MAGISTRATE SIDDHARTH NAGAR_IDA)","Uttar Pradesh","2","4","7","1.00","4373595.13","HIGH","FALSE","50","4","Planned","TRUE"
"50d-4a-MP3017338-W211500","MP3017338-W211500","","4","Auditor 4","Siddharthnagar(DISTRICT MAGISTRATE SIDDHARTH NAGAR_IDA)","Uttar Pradesh","2","4","7","0.35","3827115.84","MEDIUM","TRUE","50","4","Planned","TRUE"
"50d-4a-MP3019200-W252126","MP3019200-W252126","MP3019200-W252126","4","Auditor 4","Siddharthnagar(DISTRICT MAGISTRATE SIDDHARTH NAGAR_IDA)","Uttar Pradesh","2","4","7","0.35","3686303.02","HIGH","TRUE","50","4","Planned","TRUE"
"50d-4a-MP3019200-W59410","MP3019200-W59410","MP3019200-W59410","4","Auditor 4","Siddharthnagar(DISTRICT MAGISTRATE SIDDHARTH NAGAR_IDA)","Uttar Pradesh","2","4","7","0.35","2569110.33","HIGH","TRUE","50","4","Planned","TRUE"
"50d-4a-MP3017338-W201343","MP3017338-W201343","","4","Auditor 4","Siddharthnagar(DISTRICT MAGISTRATE SIDDHARTH NAGAR_IDA)","Uttar Pradesh","2","4","7","0.35","2330313.02","MEDIUM","TRUE","50","4","Planned","TRUE"
"50d-4a-MP3019200-W59413","MP3019200-W59413","MP3019200-W59413","4","Auditor 4","Siddharthnagar(DISTRICT MAGISTRATE SIDDHARTH NAGAR_IDA)","Uttar Pradesh","2","4","7","0.35","2256508.47","HIGH","TRUE","50","4","Planned","TRUE"
"50d-4a-MP3017338-W241204","MP3017338-W241204","MP3017338-W241204","4","Auditor 4","Siddharthnagar(DISTRICT MAGISTRATE SIDDHARTH NAGAR_IDA)","Uttar Pradesh","2","4","7","0.35","2136617.47","HIGH","TRUE","50","4","Planned","TRUE"
"50d-4a-MP3017511-W237804","MP3017511-W237804","","4","Auditor 4","FEROZEPUR(DEPUTY COMMISSIONER FIROZEPUR_IDA)","Punjab","3","8","9","1.00","6829000.54","MEDIUM","FALSE","50","4","Planned","TRUE"
"50d-4a-MP3017511-W205908","MP3017511-W205908","","4","Auditor 4","FEROZEPUR(DEPUTY COMMISSIONER FIROZEPUR_IDA)","Punjab","3","8","9","0.35","6744552.21","MEDIUM","TRUE","50","4","Planned","TRUE"
"50d-4a-MP3017511-W237803","MP3017511-W237803","","4","Auditor 4","FEROZEPUR(DEPUTY COMMISSIONER FIROZEPUR_IDA)","Punjab","3","8","9","0.35","5275636.48","MEDIUM","TRUE","50","4","Planned","TRUE"
"50d-4a-MP3027305-W196877","MP3027305-W196877","","4","Auditor 4","NARMADA(DISTRICT COLLECTOR NARMADA_IDA)","Gujarat","4","10","12","1.00","3551150.94","MEDIUM","FALSE","50","4","Planned","TRUE"
"50d-4a-MP3027305-W141881","MP3027305-W141881","","4","Auditor 4","NARMADA(DISTRICT COLLECTOR NARMADA_IDA)","Gujarat","4","10","12","0.35","3502111.88","MEDIUM","TRUE","50","4","Planned","TRUE"
"50d-4a-MP3027305-W141882","MP3027305-W141882","","4","Auditor 4","NARMADA(DISTRICT COLLECTOR NARMADA_IDA)","Gujarat","4","10","12","0.35","3502111.88","MEDIUM","TRUE","50","4","Planned","TRUE"
"50d-4a-MP3027305-W141883","MP3027305-W141883","","4","Auditor 4","NARMADA(DISTRICT COLLECTOR NARMADA_IDA)","Gujarat","4","10","12","0.35","3502111.88","MEDIUM","TRUE","50","4","Planned","TRUE"
"50d-4a-MP3027305-W141884","MP3027305-W141884","","4","Auditor 4","NARMADA(DISTRICT COLLECTOR NARMADA_IDA)","Gujarat","4","10","12","0.35","3502111.88","MEDIUM","TRUE","50","4","Planned","TRUE"
"50d-4a-MP3017278-W119807","MP3017278-W119807","","4","Auditor 4","IMPHAL EAST(Deputy Commissioner Imphal East_IDA)","Manipur","5","13","14","1.00","4945219.99","MEDIUM","FALSE","50","4","Planned","TRUE"
"50d-4a-MP3017278-W119811","MP3017278-W119811","","4","Auditor 4","IMPHAL EAST(Deputy Commissioner Imphal East_IDA)","Manipur","5","13","14","0.35","3394468.84","MEDIUM","TRUE","50","4","Planned","TRUE"
"50d-4a-MP3017330-W180182","MP3017330-W180182","MP3017330-W180182","4","Auditor 4","AMROHA(DISTRICT MAGISTRATE JYOTIBAPHULE NAGAR_IDA)","Uttar Pradesh","6","15","15","1.00","7212142.13","HIGH","FALSE","50","4","Planned","TRUE"
